BHID,X,Y,Z,DENSITY,PGE,CU,NI,PT,PD,RH,AU
WV124D0,64537.97,-182515.44,940.59,4.1604,9.6785,0.0132,0.1229,3.9519,4.9729,0.559,0.1946
WV124D1,64537.87,-182515.55,940.65,4.3021,6.9002,0.0072,0.1192,3.8498,2.3939,0.6306,0.0259
WV124D2,64537.76,-182515.66,940.67,4.115,8.4249,0.0286,0.1578,4.1353,3.5229,0.5775,0.1891
WV93ID0,64758.17,-182303.84,1014.9,4.1652,7.5486,0.0112,0.1225,4.3245,2.4174,0.6668,0.14
WV94ID0,64647.28,-182189.06,1010.84,4.3862,5.7957,0.0056,0.1169,3.7544,1.4438,0.5633,0.0341
WA100D0,62103.27,-181471.17,872.24,4.4314,5.87,0.0168,0.144,3.4223,1.9164,0.4512,0.08
WA100D1,62103.19,-181471.17,872.06,4.3363,5.8471,0.0186,0.1471,3.2107,2.0795,0.4681,0.0888
WA100D2,62103.14,-181471.19,871.9,4.4629,6.4224,0.0223,0.1478,3.5134,2.3021,0.5166,0.0903
WA101D0,62070.37,-182481.64,763.22,3.6971,2.2223,0.0061,0.086,1.5161,0.4548,0.2147,0.0366
WA101D1,62070.27,-182481.64,763.28,3.6378,2.3031,0.0155,0.1046,1.3854,0.6479,0.2131,0.0566
WA101D2,62070.14,-182481.63,763.24,3.4865,1.9901,0.0116,0.0942,1.1717,0.58,0.1935,0.0449
WA102D0,63378.97,-183783.73,721.01,3.7822,4.9345,0.0215,0.1415,2.2302,2.1955,0.3906,0.1183
WA102D1,63379.11,-183783.83,720.95,3.8495,5.3185,0.0178,0.1532,2.2765,2.5379,0.406,0.0981
WA102D2,63379.16,-183783.91,720.9,3.8256,6.8337,0.0219,0.1536,2.6382,3.6106,0.453,0.1319
WA103D0,61474.27,-180889.89,968.45,3.5789,1.4885,0.0072,0.0942,1.0463,0.2528,0.1632,0.0262
WA105D0,63112.16,-181769.83,923.24,4.1336,8.0384,0.0486,0.2044,3.9972,3.0826,0.8125,0.1461
WA105D1,63112.05,-181769.83,923.65,4.0859,7.9393,0.0422,0.1881,4.0287,3.0857,0.6857,0.1391
WA105D2,63111.95,-181769.86,922.9,4.0181,8.8842,0.0347,0.1727,4.3206,3.6583,0.7584,0.1468
WA105D3,63111.8,-181769.86,922.53,3.946,6.6186,0.0266,0.1597,3.6498,2.2524,0.6178,0.0986
WA106D0,63267.34,-181935.42,901,3.9123,5.3731,0.0283,0.1304,2.8338,2.0271,0.4061,0.106
WA106D2,63267.14,-181935.3,900.9,3.8609,5.4193,0.0349,0.137,2.6573,2.2338,0.4272,0.101
WA106D5,63266.8,-181934.97,900.84,3.9895,5.1283,0.0256,0.1205,2.9369,1.6942,0.4071,0.0901
WA107D1,63770.25,-182055.13,898.34,3.8425,4.7486,0.0156,0.113,2.5663,1.7432,0.3811,0.058
WA107D2,63770.17,-182055.13,898.12,3.9227,4.4236,0.0144,0.1107,2.6339,1.3698,0.3788,0.0412
WA107D3,63770.18,-182055.16,898.13,3.823,3.8081,0.0122,0.104,2.1238,1.3636,0.2792,0.0415
WA108D0,64010.27,-182244.33,894.12,3.9884,4.9376,0.0333,0.1503,2.8989,1.5372,0.4229,0.0787
WA108D1,64010.31,-182244.31,893.99,4.0381,6.802,0.0278,0.1444,3.9219,2.0881,0.6819,0.11
WA108D2,64010.4,-182244.31,894.03,4.0481,5.3515,0.0194,0.1254,3.1658,1.6287,0.4788,0.0781
WA109D0,64367.1,-182574.78,901.1,4.1389,6.7633,0.005,0.1567,3.7696,2.3421,0.5857,0.0657
WA109D1,64367.05,-182574.86,901.1,4.0824,5.9124,0.0049,0.1546,3.4104,1.9047,0.5471,0.0503
WA109D2,64366.98,-182574.98,900.61,4.1497,5.6005,0.0108,0.1626,3.4213,1.6086,0.5174,0.0532
WA11D0,62325.57,-181256.25,959.3,3.7753,3.9669,0.0112,0.0764,2.4115,1.2107,0.272,0.0727
WA11D1,62325.48,-181256.17,959.17,3.7883,4.2701,0.0132,0.0876,2.5957,1.2887,0.2879,0.0978
WA11D2,62325.38,-181256.08,959.5,3.6893,3.872,0.0094,0.084,2.3861,1.1703,0.2435,0.0721
WA113D0,61389.6,-181299.48,917.51,4.0781,5.7142,0.0152,0.1494,3.5913,1.5766,0.4625,0.0838
WA113D1,61389.67,-181299.59,917.67,4.1269,5.6916,0.0155,0.155,3.1567,1.9848,0.4495,0.1007
WA113D2,61389.77,-181299.78,917.59,4.1646,5.5824,0.0152,0.1503,3.2774,1.7542,0.471,0.0799
WA114D0,61084.78,-181102.95,935.1,4.1094,4.9001,0.0087,0.1183,3.3352,0.987,0.5649,0.0131
WA114D1,61084.7,-181102.89,934.98,4.1163,4.3628,0.009,0.1174,3.0287,0.8023,0.5176,0.0142
WA114D2,61084.59,-181102.78,934.84,4.0449,4.2012,0.0111,0.1159,2.9523,0.7424,0.4833,0.0232
WA115D0,62846.29,-184181.44,635.68,3.4401,2.7337,0.0108,0.0924,1.607,0.8227,0.2133,0.0907
WA115D1,62846.23,-184181.39,635.65,3.6098,2.1785,0.0073,0.085,1.4419,0.4766,0.2103,0.0496
WA115D2,62846.11,-184181.3,635.66,3.6934,2.9242,0.0077,0.0855,1.9471,0.6718,0.2517,0.0535
WA116D0,63006.54,-183711.44,698.86,3.7297,2.0893,0.0071,0.0838,1.4031,0.4196,0.2337,0.033
WA116D2,63006.33,-183711.39,698.73,3.7429,2.9398,0.0123,0.0995,1.8565,0.7684,0.2577,0.0573
WA117D0,62629.85,-183178.91,711.83,3.9042,3.4701,0.0171,0.1164,2.2799,0.8246,0.3179,0.0477
WA118D0,62402.21,-183514.63,664.6,3.6507,2.0559,0.0054,0.0828,1.6369,0.1863,0.218,0.0148
WA118D1,62402.13,-183514.56,664.75,3.6854,2.0717,0.0059,0.084,1.6578,0.1879,0.2129,0.0131
WA118D2,62402.03,-183514.45,664.66,3.7436,3.1288,0.0244,0.1325,2.0086,0.8098,0.2552,0.0553
WA118D3,62401.94,-183514.38,664.68,3.7407,3.1113,0.0086,0.0907,1.9818,0.8377,0.2465,0.0453
WA12D0,62865.07,-181173.31,1031.78,3.7803,5.0056,0.0094,0.0695,3.3009,1.2181,0.3821,0.1046
WA12D1,62864.99,-181173.23,1031.75,3.7703,5.8934,0.009,0.0696,3.8503,1.5442,0.3896,0.1094
WA12D2,62864.86,-181173.13,1031.26,3.8187,5.4055,0.0086,0.057,3.471,1.4794,0.3589,0.0962
WA120D0,61861.85,-181080.89,970.06,3.9713,6.3576,0.0094,0.1114,3.9097,1.7404,0.6852,0.0224
WA120D2,61861.6,-181080.66,969.7,3.7926,4.4369,0.0094,0.1107,2.7754,1.1788,0.4663,0.0164
WA121D0,62897.05,-182397.08,813.14,3.6069,2.3518,0.0036,0.0839,1.6397,0.4714,0.2202,0.0205
WA121D2,62896.84,-182396.89,813.11,3.7349,2.4759,0.0051,0.0881,1.6945,0.5265,0.2295,0.0254
WA121D4,62896.98,-182397.02,813.57,3.7336,2.5476,0.0044,0.0826,1.5292,0.7596,0.2318,0.0269
WA122D0,62086.28,-184030.84,603.75,3.9259,5.8492,0.0319,0.1527,3.0757,2.1816,0.4943,0.0975
WA122D3,62085.9,-184030.5,602.41,3.8479,5.5184,0.0219,0.1401,2.9708,1.9791,0.4655,0.103
WA123D0,62579.59,-184451.3,594.16,4.134,6.8616,0.0754,0.2302,3.3727,2.8047,0.4696,0.2146
WA123D3,62579.11,-184451.05,594.34,3.8343,5.3637,0.0292,0.1524,3.1212,1.7432,0.4194,0.08
WA123D4,62578.99,-184451.03,594.22,4.008,5.4882,0.0277,0.1526,3.2802,1.6399,0.5042,0.0639
WA124D0,62518.5,-182495.84,787.09,3.7886,7.7331,0.0363,0.1752,3.4173,3.5873,0.6367,0.0918
WA124D3,62518.13,-182495.5,786.89,3.8762,7.1735,0.0236,0.1599,3.2528,3.1917,0.6473,0.0817
WA124D5,62518.27,-182495.63,786.53,3.8502,4.5609,0.0256,0.1816,2.2004,1.9092,0.3776,0.0738
WA127D0,64393.65,-182783.75,875.83,4.0475,8.1672,0.0168,0.1549,4.2425,3.1702,0.6605,0.0941
WA127D1,64393.36,-182783.73,875.76,4.061,7.9721,0.0216,0.168,4.6509,2.5177,0.7132,0.0903
WA127D2,64393.24,-182783.78,875.44,4.1437,8.1205,0.027,0.1726,4.391,2.9594,0.6453,0.1248
WA128D0,61614.11,-182746.8,713.52,3.7214,4.271,0.021,0.1169,2.3127,1.5325,0.3328,0.0929
WA128D1,61613.81,-182746.67,713.61,3.7365,4.8991,0.043,0.1491,2.6054,1.826,0.3442,0.1235
WA128D2,61613.68,-182746.61,713.49,3.7403,4.431,0.0397,0.1426,2.4421,1.5172,0.3447,0.127
WA129D0,61815.56,-182748.14,721.01,3.9165,5.5524,0.0351,0.1806,3.09,1.9106,0.4537,0.098
WA129D1,61815.28,-182748.16,721.25,4.0175,6.7642,0.0245,0.1495,3.6631,2.4297,0.5882,0.0832
WA129D2,61815.18,-182748.22,721.2,3.9579,6.1299,0.0295,0.1608,3.1776,2.3484,0.4738,0.1301
WA13D1,63695.42,-181661.31,980.77,3.7587,1.6081,0.0056,0.0405,1.2713,0.1742,0.1273,0.0353
WA130D0,61792.48,-182568.66,738.22,3.7417,4.0054,0.0262,0.1204,2.2144,1.3853,0.3351,0.0707
WA130D1,61792.39,-182568.53,738.27,3.7076,4.0328,0.0212,0.1118,2.3378,1.3116,0.3159,0.0674
WA130D2,61792.17,-182568.27,738.19,3.6688,4.2635,0.0205,0.1146,2.4915,1.3559,0.3354,0.0807
WA131D0,62161.05,-183180.47,689.06,3.4733,2.7589,0.0059,0.0895,1.9086,0.5556,0.2618,0.033
WA131D1,62160.73,-183180.41,688.71,3.545,2.7919,0.0093,0.0917,1.8951,0.6006,0.2533,0.0429
WA131D2,62160.56,-183180.36,688.93,3.5971,3.0063,0.0127,0.0978,1.9324,0.7698,0.2503,0.0538
WA132D0,62766.39,-183205.44,720.03,3.5827,2.4246,0.0016,0.0794,1.7653,0.3937,0.239,0.0266
WA132D1,62766.17,-183205.23,715,3.5461,3.0913,0.0021,0.0796,1.7912,1.0135,0.2382,0.0483
WA132D2,62766.18,-183205.23,719.98,3.5188,2.4098,0.0041,0.0817,1.7696,0.3952,0.2299,0.015
WA133D0,62392.11,-182640.92,758.67,3.6588,2.8126,0.0112,0.0956,2.0338,0.4833,0.2584,0.037
WA133D1,62391.83,-182640.66,758.77,3.6788,3.5605,0.0164,0.1023,2.099,1.1378,0.2716,0.0521
WA133D2,62391.76,-182640.59,759.37,3.6269,3.1571,0.013,0.1035,1.9504,0.9061,0.2594,0.0411
WA134D0,62652.34,-182389.7,808.45,3.5745,2.569,0.0046,0.0842,1.8096,0.5219,0.2194,0.0181
WA134D1,62652.15,-182389.55,808.07,3.54,1.8853,0.0053,0.0795,1.3896,0.2867,0.1858,0.0232
WA134D2,62652.06,-182389.45,808.02,3.6626,3.1356,0.0153,0.1021,1.7043,1.1296,0.2218,0.08
WA135D0,63212.72,-182134.81,862.27,3.5686,2.5519,0.0214,0.104,1.6611,0.6377,0.2115,0.0416
WA135D1,63212.4,-182134.52,862.07,3.5693,2.259,0.0138,0.085,1.5004,0.5434,0.1922,0.023
WA135D2,63212.21,-182134.34,862.58,3.6152,2.2189,0.009,0.0808,1.5258,0.4581,0.2108,0.0242
WA138D0,63226.36,-183504.75,732.53,3.6019,2.201,0.0165,0.103,1.4959,0.4906,0.1936,0.0209
WA138D1,63226.27,-183504.66,732.52,3.6738,2.6505,0.0131,0.0959,1.7142,0.7087,0.2023,0.0253
WA138D2,63226.07,-183504.48,732.42,3.7622,2.4158,0.0144,0.1173,1.52,0.671,0.1801,0.0448
WA139D0,63045.19,-182076.53,871.78,3.7501,2.5735,0.0193,0.1075,1.7333,0.5848,0.2287,0.0267
WA139D1,63044.92,-182076.28,871.76,3.621,2.9336,0.0183,0.1023,1.7344,0.9221,0.2268,0.0503
WA139D2,63044.84,-182076.2,871.93,3.7779,4.9574,0.0689,0.1841,2.3573,2.1757,0.2854,0.1391
WA14D0,64109.78,-182597.33,858.06,4.2452,7.4444,0.0452,0.1395,3.9672,2.894,0.4198,0.1635
WA14D1,64109.7,-182597.31,857.95,4.3518,7.5031,0.0382,0.1114,4.1037,2.8299,0.4128,0.1566
WA14D2,64109.36,-182597.23,857.96,4.4651,7.2586,0.0269,0.1082,4.2253,2.4553,0.4882,0.0897
WA142D0,63129.67,-182968.02,763.44,3.8309,2.3412,0.004,0.0852,1.7947,0.281,0.25,0.0155
WA142D1,63129.51,-182967.86,763.66,4.0839,2.3563,0.005,0.0857,1.611,0.4832,0.2424,0.0198
WA142D2,63129.41,-182967.77,763.56,3.4756,1.7017,0.003,0.0665,1.2359,0.2645,0.1846,0.0167
WA15D0,64495.65,-181861.3,1007.41,3.6848,1.4679,0.0053,0.0312,1.1319,0.2462,0.0545,0.0353
WA15D1,64495.57,-181861.22,1007.92,3.5771,1.1239,0.0042,0.0301,0.8429,0.1605,0.0904,0.0302
WA15D2,64495.45,-181861.09,1007.51,3.7005,1.6608,0.0049,0.036,1.3203,0.1907,0.1123,0.0375
WA16D0,63997.21,-183183.17,779.1,3.8543,2.2609,0.0074,0.0518,1.5895,0.412,0.2178,0.0415
WA19D0,64264.18,-181953.81,951.94,3.7574,2.86,0.051,0.0832,1.8733,0.7083,0.1949,0.0835
WA19D1,64264.24,-181953.75,951.71,3.7872,2.5465,0.0259,0.068,1.8254,0.5015,0.186,0.0336
WA19D2,64264.29,-181953.7,951.8,3.7157,2.9771,0.0518,0.0834,1.995,0.6936,0.1859,0.1026
WA20D0,63121.32,-181198.02,1038.31,4.1422,4.5095,0.01,0.0529,2.8976,1.2915,0.2599,0.0604
WA20D1,63121.22,-181197.92,1038.21,3.9526,4.0479,0.0087,0.044,2.8176,0.8859,0.2908,0.0535
WA25D0,62748.59,-181116.8,1038.63,3.7135,5.8314,0.0074,0.0434,3.7408,1.4635,0.5937,0.0334
WA25D1,62748.48,-181116.69,1037.76,3.5923,6.3049,0.0103,0.0536,3.5452,2.1424,0.5629,0.0544
WA25D2,62748.39,-181116.61,1038.35,3.7155,5.9788,0.0075,0.0589,3.99,1.3682,0.5682,0.0524
WA27D0,63003.76,-181210.55,1032.13,4.0003,5.0998,0.0079,0.0503,3.5364,0.9985,0.5265,0.0383
WA28D0,61529.41,-181252.66,929.23,4.0797,6.8942,0.006,0.0561,3.9462,2.2855,0.5948,0.0677
WA30D0,62669.61,-183575.69,678.45,3.599,2.3291,0.0056,0.0635,1.7575,0.3592,0.1854,0.027
WA30D2,62669.5,-183575.53,678.4,3.6795,3.4342,0.0095,0.0601,2.1518,0.9866,0.2178,0.078
WA31D0,61910.09,-183794.05,619.24,3.9012,6.4886,0.0713,0.206,3.2287,2.7431,0.3507,0.1661
WA31D1,61910.15,-183793.97,618.95,3.9312,6.5776,0.0517,0.1802,3.4003,2.6439,0.3688,0.1646
WA31D2,61910.25,-183793.88,619.14,3.8541,4.876,0.0274,0.136,2.7065,1.7413,0.3265,0.1018
WA32D0,61769.99,-180939.59,1005.02,3.8795,3.9947,0.0059,0.0912,3.0273,0.6091,0.3352,0.0231
WA32D1,61770.01,-180939.67,1005.01,3.945,3.5838,0.0069,0.0896,2.6453,0.64,0.2828,0.0158
WA32D2,61770.05,-180939.92,1005.27,4.0084,6.6921,0.007,0.0748,4.3136,1.8208,0.5137,0.044
WA33D0,61687.48,-180631.36,1054.07,4.1216,6.5125,0.015,0.0805,4.111,1.9051,0.4036,0.0929
WA33D1,61687.43,-180631.28,1054.04,4.1976,6.8092,0.0102,0.0781,4.3091,2.0075,0.4264,0.0662
WA33D2,61687.31,-180631.13,1053.98,4.2575,6.9775,0.0098,0.0931,4.2047,2.2207,0.4458,0.1063
WA34D0,62204.61,-182948.89,713,3.6685,2.927,0.0097,0.0921,1.9415,0.6867,0.2229,0.0759
WA34D1,62204.51,-182948.8,713.26,3.6474,2.7288,0.0088,0.0878,1.8216,0.6228,0.2348,0.0496
WA34D2,62204.43,-182948.7,713,3.7036,2.5965,0.0065,0.0881,1.8607,0.4474,0.2467,0.0417
WA36D0,62864.13,-181625.44,936.96,4.2258,8.0091,0.0446,0.1623,4.5006,2.7548,0.6577,0.0959
WA36D1,62864.15,-181625.45,937.03,4.1977,7.5552,0.0375,0.1531,4.2191,2.6507,0.6034,0.082
WA36D2,62864.15,-181625.45,937.01,4.2415,8.3516,0.0334,0.1479,4.5573,3.0302,0.6843,0.0798
WA39D0,62540.38,-181643.86,910.24,3.8433,6.4025,0.0318,0.1428,3.5131,2.419,0.3631,0.1072
WA39D1,62540.37,-181643.86,910.19,3.8521,5.9411,0.0309,0.1399,3.3431,2.1106,0.377,0.1103
WA39D2,62540.32,-181643.81,910.15,3.9088,6.3774,0.0602,0.1987,3.4005,2.4343,0.3802,0.1624
WA40D0,61635.28,-183240.56,661.63,3.6888,4.1709,0.029,0.1185,2.3186,1.4604,0.3242,0.0677
WA40D1,61635.29,-183240.53,661.55,3.6174,3.6803,0.0245,0.1068,2.2484,1.0539,0.3142,0.0639
WA41D0,61243.38,-180567.05,1035.21,4.3099,7.2538,0.0321,0.1758,4.1082,2.3806,0.5989,0.1662
WA41D1,61243.3,-180566.98,1035.15,4.1592,7.6453,0.0322,0.1809,4.189,2.6992,0.6145,0.1425
WA41D2,61243.21,-180566.91,1035.31,4.1784,6.8444,0.0206,0.1499,4.0656,2.1404,0.58,0.0585
WA42D0,63182,-182462.44,822.59,3.455,1.4565,0.0091,0.0898,0.9461,0.3641,0.1202,0.0262
WA42D1,63181.88,-182462.42,822.41,3.4394,1.1238,0.007,0.087,0.7421,0.2453,0.1102,0.0262
WA42D2,63181.73,-182462.38,822.59,3.5425,1.7522,0.0091,0.0946,1.1989,0.3607,0.1569,0.0357
WA43D0,63681.35,-182468.73,834.52,3.5026,2.4285,0.0064,0.0712,1.5025,0.6947,0.1952,0.036
WA43D1,63681.39,-182468.66,834.56,3.5843,2.2399,0.0063,0.0728,1.565,0.4486,0.1954,0.0309
WA43D2,63681.41,-182468.53,833.56,3.5645,2.016,0.0068,0.0781,1.4429,0.3616,0.1778,0.0337
WA44D0,61750.18,-182194.88,789.72,3.8895,5.9788,0.0478,0.1624,3.2134,2.2198,0.4184,0.1273
WA44D2,61749.61,-182194.41,789.58,3.884,4.655,0.0361,0.1423,2.6614,1.5362,0.3757,0.0817
WA44D3,61750.16,-182194.83,789.6,3.9226,5.7643,0.04,0.1552,3.068,2.151,0.441,0.1043
WA45D0,62309.13,-184177.61,600.81,3.9707,5.8553,0.0345,0.1478,2.8667,2.3759,0.4407,0.1721
WA45D1,62309.16,-184177.52,601.35,3.8308,5.2742,0.0321,0.1443,2.8765,1.8225,0.4292,0.1461
WA45D2,62309.08,-184177.41,601.49,3.98,5.0786,0.0307,0.1357,3.019,1.5354,0.4062,0.1179
WA49D0,63490.12,-183099.8,775.94,3.7196,2.5822,0.008,0.0804,1.7788,0.5706,0.2013,0.0315
WA49D1,63490.09,-183099.72,775.87,3.7627,2.7229,0.0088,0.0864,1.9157,0.5273,0.2466,0.0333
WA49D2,63490.05,-183099.58,775.97,3.72,2.3502,0.0092,0.0809,1.6635,0.4202,0.2405,0.026
WA50D0,62346.68,-182307.72,805.14,3.75,2.7983,0.0141,0.0895,1.8647,0.8199,0.0598,0.054
WA50D1,62346.74,-182307.59,804.95,3.6633,2.6979,0.0382,0.1926,1.7506,0.6665,0.2265,0.0543
WA50D3,62346.78,-182307.48,805.03,3.6391,2.6369,0.0108,0.0787,1.6233,0.7482,0.2228,0.0426
WA51D0,62894.98,-182837.08,759.58,3.6539,2.6181,0.0045,0.0858,1.6935,0.6624,0.2377,0.0244
WA52D0,62161.59,-181769.17,841.77,3.6988,2.1124,0.0108,0.074,1.445,0.4366,0.2029,0.028
WA52D1,62161.61,-181769.08,841.93,3.7682,1.8424,0.0102,0.0817,1.2283,0.411,0.1708,0.0323
WA52D2,62161.64,-181768.98,841.91,3.6684,2.1262,0.0085,0.0714,1.5311,0.3569,0.212,0.0262
WA53ID0,61253.07,-181004.2,937.59,3.7752,2.1208,0.0076,0.0848,1.6654,0.2105,0.2187,0.0262
WA54ID0,61411.67,-181143.25,945.52,4.2214,6.2961,0.0117,0.114,3.6428,1.9624,0.5619,0.1291
WA57ID0,62301.77,-181603.94,881.3,3.6347,3.4741,0.0251,0.1057,2.0155,1.1169,0.2838,0.0578
WA58ID0,62569.73,-181944.98,858.1,3.3706,2.7961,0.0205,0.0908,1.7704,0.7244,0.2528,0.0485
WA59ID0,62820.36,-182121.05,851.51,3.4818,5.8752,0.0219,0.1462,2.43,2.9112,0.4427,0.0912
WA60ID0,63406.44,-182687.3,799.01,3.6331,1.5085,0.0058,0.0735,1.0829,0.2104,0.1889,0.0262
WA61ID0,61161.65,-180234.61,1075.05,4.2038,5.8796,0.0082,0.1266,3.7239,1.5228,0.6011,0.0318
WA62ID0,61312.79,-180299.8,1083.05,4.041,6.2865,0.0079,0.1201,3.9118,1.7893,0.5565,0.0288
WA63ID0,61462.11,-180354.81,1089.85,3.9975,5.7781,0.0078,0.1179,3.5381,1.6736,0.5401,0.0262
WA64ID0,61610.01,-180379.5,1101.04,4.179,6.2755,0.0091,0.1303,3.843,1.8057,0.5389,0.0879
WA65ID0,61824.64,-180461.66,1101.95,4.2809,6.4373,0.0091,0.1216,4.1147,1.6894,0.5888,0.0444
WA66ID0,62002.8,-180584.05,1089.77,3.97,5.1422,0.0093,0.1174,3.3351,1.259,0.5179,0.0302
WA67ID0,62138.74,-180896.25,1037.9,4.0727,9.4174,0.0123,0.1357,4.5069,4.0078,0.7425,0.1602
WA68ID0,62271.23,-181057.92,1005.08,3.4679,2.3323,0.0135,0.0855,1.2543,0.82,0.2331,0.025
WA69ID0,62441,-181058.59,1024.91,4.0011,6.3391,0.0209,0.1332,3.6484,2.038,0.5519,0.1007
WA70ID0,63216.99,-181257.3,1033.58,3.9838,4.7882,0.0152,0.0877,2.955,1.3594,0.4032,0.0707
WA71ID0,63336.4,-181347.59,1029.59,4.275,6.1908,0.0082,0.1264,4.1477,1.3688,0.6363,0.038
WA72ID0,63428.91,-181451.22,1010.89,3.8509,6.1229,0.0283,0.1644,3.0049,2.5451,0.465,0.1079
WA73ID0,63558.36,-181559.84,993.71,4.0356,6.8763,0.0174,0.1309,3.6703,2.5183,0.0996,0.5881
WA74ID0,63836.57,-181756.19,962.03,3.8911,3.4408,0.0125,0.1001,2.2443,0.8286,0.3248,0.0431
WA75ID0,63980.66,-181797.94,971.5,3.6126,4.226,0.0469,0.1377,1.9413,1.8431,0.3296,0.112
WA76ID0,64084.57,-181911.22,955,3.9221,6.7666,0.0455,0.19,3.2657,2.8141,0.557,0.1298
WA77ID0,64424.95,-181986.09,983.71,3.7482,5.5396,0.0237,0.1215,3.0198,1.923,0.5234,0.0734
WA78ID0,64541.61,-182091,997.93,3.7452,4.7413,0.0245,0.1312,3.1312,1.0552,0.4696,0.0854
WA79ID0,63675.54,-182925.53,792.45,3.5665,1.8807,0.0244,0.1516,1.3596,0.3061,0.1978,0.0172
WA80D0,62154.99,-183413.11,661.63,3.6275,2.4953,0.0164,0.0935,1.5388,0.734,0.187,0.0355
WA80D1,62154.93,-183413.08,661.56,3.6093,2.7435,0.0203,0.1056,1.7714,0.6892,0.2404,0.0426
WA80D2,62154.8,-183413.13,661.6,3.5235,2.5611,0.0171,0.1005,1.6231,0.6821,0.2151,0.0407
WA84D0,61644.71,-181719.95,817.32,3.5971,4.5453,0.0169,0.1229,2.4881,1.5793,0.3779,0.0999
WA84D1,61644.52,-181720.14,817.42,3.6314,7.7267,0.02,0.1329,3.499,3.5504,0.5462,0.1311
WA86D0,62515.04,-181227.56,990.3,4.2468,7.6114,0.0146,0.136,4.4845,2.3434,0.6947,0.0889
WA86D1,62514.93,-181227.47,990.22,4.2491,7.337,0.0163,0.1375,4.3991,2.1598,0.6993,0.0788
WA86D2,62514.83,-181227.38,990.37,4.2444,6.1768,0.0119,0.1339,3.85,1.6585,0.6054,0.0629
WA87D0,62411.9,-181323.5,958.37,4.4815,6.0593,0.0183,0.1382,3.6221,1.8086,0.5603,0.0682
WA87D1,62411.74,-181323.34,958.31,4.4842,6.1078,0.0169,0.1305,3.7024,1.7068,0.6119,0.0867
WA87D2,62411.57,-181323.19,957.99,4.3633,6.7549,0.0125,0.1306,4.0758,1.9448,0.6831,0.0513
WA88D0,62278.99,-181475.2,913.63,4.2106,5.7997,0.0222,0.145,3.1399,2.1102,0.4604,0.0892
WA88D1,62278.92,-181475.14,913.61,4.1924,6.0114,0.0235,0.1521,3.3705,2.0232,0.5203,0.0974
WA88D2,62278.82,-181475.05,913.75,4.2033,5.7731,0.0208,0.1424,3.2425,1.9943,0.4516,0.0848
WA89D0,62111.35,-181631.59,840.33,3.9934,4.6392,0.0137,0.1193,2.6482,1.5029,0.4151,0.0729
WA89D1,62111.29,-181631.64,840.5,3.9662,4.534,0.0161,0.1254,2.5595,1.5082,0.3912,0.0751
WA89D2,62111.23,-181631.67,840.44,4.074,5.5212,0.0205,0.133,2.8541,2.0893,0.4635,0.1143
WA91D0,62682.86,-181308.59,987.75,4.1815,6.8229,0.0139,0.1378,3.8782,2.2638,0.6128,0.0681
WA91D1,62682.72,-181308.45,987.82,4.117,6.8073,0.011,0.1317,3.9145,2.1983,0.6211,0.0734
WA91D2,62682.64,-181308.39,987.82,4.089,7.1033,0.0123,0.1349,4.2671,2.0882,0.6821,0.0658
WA92D0,62542.17,-181455.45,945.17,3.9364,5.5315,0.0437,0.1552,3.1356,1.8027,0.4964,0.0967
WA92D1,62542,-181455.28,945.11,3.8631,6.433,0.058,0.2003,3.3848,2.4321,0.4553,0.1608
WA92D2,62541.91,-181455.2,944.95,4.0839,5.7215,0.027,0.1398,3.5736,1.524,0.5278,0.0962
WA93D0,62393.59,-181614.78,896.08,3.6635,3.4181,0.0202,0.1019,2.0971,0.9472,0.2946,0.0793
WA94D0,61963.13,-182176.13,789.15,3.7401,3.5429,0.0237,0.1171,2.0892,1.1104,0.2644,0.079
WA95D0,61549.74,-182028.36,807.77,4.2573,7.9268,0.0284,0.156,4.0967,2.9798,0.7174,0.1329
WA96D0,61396.58,-181937.66,821.95,4.0098,6.5916,0.0183,0.1606,3.5806,2.3751,0.5224,0.1134
WA97D0,61477.23,-182296.52,773.37,4.0317,5.3478,0.0095,0.1038,3.7719,0.9953,0.5327,0.048
WA98D0,61528.23,-182500.69,743.66,4.3106,6.535,0.0417,0.1832,3.3394,2.5197,0.5064,0.1695
WA98D1,61528.15,-182500.61,743.5,4.2212,7.5166,0.0482,0.1851,3.8381,2.9121,0.5964,0.1701
WA98D2,61528.07,-182500.53,743.46,4.208,6.5608,0.0316,0.1519,3.6047,2.2541,0.5809,0.1211
WA99D0,61587.11,-181538.95,798.98,4.0848,1.5746,0.0095,0.1171,1.2342,0.1285,0.1939,0.018
WW100D0,59144.55,-181249.03,739.08,4.1306,5.9034,0.0067,0.1191,3.8894,1.4295,0.571,0.0134
WW101D0,59109.07,-180586.52,809.59,4.2237,6.1634,0.0074,0.1222,4.0824,1.4878,0.5272,0.0659
WW102D0,58773.93,-180510.88,783.42,3.8713,2.9337,0.0084,0.1067,1.9765,0.6315,0.2887,0.037
WW103D0,58855.36,-179179.19,945.01,4.108,6.8766,0.0207,0.1471,4.0209,2.1445,0.6224,0.0888
WW104D0,60648.66,-181123.78,911.97,3.9081,5.7723,0.0071,0.1302,3.1851,2.0893,0.425,0.0729
WW104D2,60648.43,-181123.77,911.17,3.7953,6.3865,0.0086,0.132,2.8801,2.9737,0.406,0.1267
WW105D0,60559.66,-180992,919.75,4.0567,6.8014,0.0321,0.1269,3.5463,2.6309,0.5235,0.1007
WW106D0,58624.93,-178951.23,947.41,4.1506,8.8405,0.0283,0.1593,4.4441,3.5711,0.6927,0.1325
WW106D1,58624.88,-178951.34,947.42,4.1837,6.9995,0.0195,0.1342,4.1313,2.1424,0.6348,0.0909
WW106D2,58624.83,-178951.47,947.36,4.2524,8.0524,0.0285,0.1551,4.2131,3.0258,0.7086,0.1049
WW107D0,57819.05,-178551.67,917.72,4.3817,8.9718,0.0263,0.1554,4.674,3.3571,0.7503,0.1904
WW107D1,57818.94,-178551.72,917.5,4.466,8.2551,0.0266,0.1592,4.6387,2.7215,0.7686,0.1263
WW107D2,57818.8,-178551.78,917.59,4.3402,7.8368,0.0267,0.1605,4.3352,2.718,0.6615,0.1221
WW108D0,57991.14,-178887.02,890.58,4.0399,14.4988,0.0155,0.1335,6.6326,6.7226,0.8371,0.3065
WW108D1,57991.2,-178887,890.58,4.0721,5.6975,0.0083,0.1067,3.6101,1.4542,0.5664,0.0668
WW108D2,57991.22,-178886.97,890.71,4.0701,7.0029,0.0085,0.106,3.8354,2.5134,0.5739,0.0802
WW109D0,59078.67,-179405.13,940.23,3.9107,6.2395,0.0103,0.1116,3.7332,1.8327,0.6022,0.0713
WW109D1,59078.71,-179405.02,940.25,3.898,7.118,0.008,0.1078,4.3211,2.0628,0.6995,0.0346
WW109D2,59078.81,-179404.8,940.69,3.9196,6.1433,0.0239,0.1405,3.4603,2.0343,0.5641,0.0846
WW110D0,58302.94,-181619.14,571.41,3.8379,5.8871,0.0102,0.1276,3.2938,1.978,0.5242,0.0912
WW110D2,58303.2,-181618.97,571.34,3.8823,8.9325,0.0099,0.1341,4.1269,4.0062,0.5613,0.238
WW112D0,57905.27,-180618.08,657.14,3.7994,3.381,0.0118,0.1031,2.2097,0.8293,0.2862,0.0558
WW112D1,57905.15,-180617.98,657,3.7186,3.1458,0.0103,0.1074,2.3009,0.511,0.3015,0.0324
WW112D2,57905.07,-180617.91,657.03,3.6204,3.9495,0.0116,0.1055,2.6871,0.8685,0.3216,0.0724
WW114D0,57142.45,-180209.7,648.31,3.8344,3.8201,0.0062,0.1166,2.4974,0.9249,0.3702,0.0275
WW114D2,57142.49,-180209.42,648.07,3.9661,7.2019,0.0105,0.1353,3.7616,2.7955,0.5428,0.102
WW116D0,57434.32,-179633.14,727.99,4.0321,7.3012,0.0137,0.1302,4.2948,2.3399,0.5314,0.1351
WW116D1,57434.36,-179633.06,727.77,4.0089,6.5131,0.0077,0.1168,4.2411,1.6076,0.5898,0.0745
WW116D2,57434.4,-179632.94,727.59,4.0682,6.5758,0.012,0.1256,4.3142,1.6163,0.5698,0.0755
WW119D0,56836.88,-180586.73,565.81,4.204,6.3821,0.0175,0.1439,4.1091,1.5934,0.6031,0.0765
WW119D1,56836.77,-180586.77,565.71,4.0471,9.3102,0.0215,0.1499,4.5646,3.7425,0.8866,0.1164
WW119D3,56836.51,-180586.81,565.48,4.1159,8.3126,0.0166,0.1432,4.7204,2.7887,0.6859,0.1176
WW121D1,59098.65,-179920.63,880.75,4.266,7.3278,0.027,0.1558,3.9033,2.7089,0.5961,0.1193
WW121D3,59098.46,-179920.45,880.72,4.2138,6.666,0.0366,0.1794,3.4489,2.5779,0.4922,0.1469
WW122D0,59418.84,-180370.39,874.02,3.7021,6.0655,0.0125,0.1122,3.7761,1.6635,0.54,0.0858
WW122D1,59418.74,-180370.3,874.15,3.6869,6.2929,0.0218,0.1315,3.7834,1.8747,0.5521,0.0827
WW122D2,59418.64,-180370.2,874.35,3.7552,6.3633,0.0159,0.1183,3.7692,2.0077,0.4634,0.1229
WW125D1,57292.64,-179056.7,793.95,3.7219,3.9041,0.0144,0.1182,2.1674,1.3404,0.3212,0.0751
WW125D2,57292.49,-179056.56,793.76,3.7261,2.8827,0.0075,0.1014,2.0617,0.5205,0.278,0.0225
WW125D4,57292.29,-179056.38,794,3.7455,4.2613,0.0135,0.1121,2.7893,1.0192,0.3826,0.0702
WW126D0,57703.14,-181556.94,528.92,4.1298,8.3897,0.0239,0.1709,4.2983,3.2977,0.6862,0.1075
WW128D0,58140.38,-179184.56,865.52,4.1151,8.7605,0.0268,0.1645,4.5728,3.3843,0.7144,0.089
WW128D1,58140.33,-179184.66,865.25,4.0724,6.2021,0.0186,0.1458,3.7527,1.8255,0.5549,0.0691
WW128D2,58140.29,-179184.73,865.37,4.0718,9.0296,0.0355,0.1829,4.5758,3.6284,0.6522,0.1732
WW129D0,58135.53,-181874.69,558.4,4.1506,7.5224,0.0098,0.1426,4.2485,2.5205,0.6499,0.1035
WW132D0,57223.55,-179480.25,729.31,3.6319,2.7163,0.0037,0.0766,2.1565,0.2691,0.2772,0.0134
WW132D2,57223.6,-179480.27,729.25,3.5059,2.6952,0.0035,0.0661,2.0984,0.3212,0.2574,0.0181
WW132D3,57223.44,-179480.2,729.37,3.9339,2.61,0.0038,0.0748,2.1053,0.2381,0.2474,0.0191
WW133D0,60124.02,-180792.38,904.42,3.9425,4.0786,0.0089,0.088,3.1101,0.5773,0.3751,0.016
WW133D1,60123.91,-180792.56,904.37,3.8774,3.1468,0.0089,0.0866,2.4647,0.3516,0.3138,0.0167
WW133D2,60123.82,-180792.69,904.72,3.951,3.0553,0.0075,0.0833,2.4005,0.3222,0.3187,0.0139
WW134D0,57807.46,-180217.56,682.05,4.0107,7.0024,0.0133,0.1326,4.0094,2.3309,0.593,0.0691
WW134D1,57807.58,-180217.66,681.54,4.2108,10.1227,0.0293,0.1759,4.6827,4.5512,0.7107,0.1781
WW134D3,57807.68,-180217.73,681.51,4.163,8.5597,0.0202,0.1444,4.1396,3.6709,0.6212,0.128
WW135D0,57527.16,-179965.13,691.39,3.8038,4.4246,0.0112,0.1158,2.8398,1.1581,0.3681,0.0586
WW135D1,57527.11,-179965.14,691.33,3.9824,5.0526,0.0117,0.1147,3.0689,1.469,0.4278,0.0869
WW135D2,57527.08,-179965.13,691.47,4.1337,5.4009,0.0127,0.1264,3.421,1.4347,0.4713,0.0739
WW138D0,60480.2,-180905.63,923.77,3.9065,5.8413,0.0081,0.1399,3.9701,1.2378,0.5789,0.0545
WW138D2,60479.99,-180905.42,923.66,3.8309,6.34,0.0106,0.1385,3.5969,2.0661,0.586,0.091
WW138D5,60480.09,-180905.53,923.84,3.9821,6.7404,0.0638,0.1734,3.8962,2.1543,0.5654,0.1245
WW15D0,57172.14,-180523.98,620.87,3.5387,2.4444,0.0069,0.0397,1.859,0.2691,0.2726,0.0438
WW15D1,57172.2,-180523.97,620.83,3.5087,2.9766,0.0063,0.041,2.2334,0.3848,0.3243,0.0342
WW15D2,57172.28,-180523.94,620.94,3.5,2.487,0.0055,0.0396,1.8907,0.2652,0.2903,0.0409
WW15D3,57172.39,-180523.91,620.81,3.345,3.7761,0.0094,0.0504,2.1264,1.3395,0.2524,0.0578
WW16D0,57627.67,-181328.89,561.89,3.8301,8.2898,0.0223,0.1001,4.0069,3.6808,0.4433,0.1589
WW16D1,57627.63,-181328.88,561.96,3.8699,5.3872,0.0102,0.0636,3.0564,1.8075,0.4253,0.0981
WW16D2,57627.62,-181328.86,561.98,3.911,5.8522,0.0094,0.0514,3.1097,2.2419,0.4102,0.0903
WW17D0,58142.9,-182267.67,478.93,3.6311,7.9396,0.0076,0.0585,3.2038,4.0309,0.5348,0.1702
WW17D1,58142.84,-182267.73,478.81,3.7421,7.2229,0.006,0.0603,3.9193,2.6978,0.513,0.0928
WW17D2,58142.74,-182267.84,479.09,3.789,5.2378,0.0267,0.1586,3.1317,1.6006,0.4513,0.0542
WW18D0,58041.03,-179553.19,804.07,3.6956,8.2311,0.0058,0.0428,4.025,3.4633,0.5649,0.1778
WW18D1,58040.93,-179553.09,804.15,3.714,5.448,0.0067,0.0375,3.2207,1.6943,0.4032,0.1297
WW18D2,58040.82,-179553,804.13,3.6439,5.0578,0.0061,0.0441,2.966,1.6649,0.3497,0.0772
WW18D3,58040.73,-179552.91,804.16,3.7401,4.7803,0.0073,0.0414,2.8543,1.5024,0.3598,0.0638
WW19D0,57377.61,-179934.33,677.04,3.7167,6.0081,0.0118,0.0652,2.7212,2.8738,0.3485,0.0646
WW19D1,57377.51,-179934.23,677.67,3.8047,5.8887,0.0095,0.0493,3.2543,2.1528,0.3907,0.0909
WW19D2,57377.41,-179934.14,677.15,3.72,5.3869,0.0051,0.0426,3.0427,1.922,0.35,0.0722
WW20D0,57693.09,-180625.31,627.44,3.6741,6.1055,0.024,0.1093,3.1002,2.3859,0.482,0.1373
WW20D1,57693.09,-180625.31,627.39,3.6885,7.2038,0.0188,0.0901,3.4921,3.0746,0.4962,0.1409
WW21D0,58503.56,-181949.42,554.29,3.9165,7.2906,0.0118,0.0732,3.6078,2.9663,0.5696,0.1468
WW21D1,58503.51,-181949.42,554.21,3.8089,5.8701,0.0079,0.0538,3.2391,1.9639,0.5823,0.0848
WW21D2,58503.43,-181949.52,554.6,3.729,4.4961,0.0075,0.0621,2.5045,1.5167,0.3984,0.0765
WW22D0,57648.3,-179861.06,719.8,4.0964,9.4844,0.0316,0.0966,4.3144,4.2273,0.6921,0.2506
WW22D1,57648.21,-179861.03,719.69,3.9944,8.5332,0.0335,0.1056,3.9827,3.7521,0.5713,0.2272
WW22D2,57648.05,-179860.98,719.75,4.0252,5.1961,0.0182,0.0674,2.8967,1.7169,0.4948,0.0877
WW22D3,57647.9,-179860.95,719.82,4.036,7.8334,0.0323,0.0988,3.7267,3.4389,0.4682,0.1995
WW23D0,57667.31,-179403.84,788.17,3.9626,5.9842,0.0101,0.0549,3.4521,1.8604,0.522,0.1497
WW23D1,57667.04,-179403.78,787.68,3.8004,6.1813,0.0086,0.045,3.5183,2.0463,0.4807,0.136
WW23D2,57666.92,-179403.77,788.13,4.0178,5.697,0.008,0.0363,3.0681,1.9921,0.5099,0.1269
WW24D0,56945.69,-179737.66,697.23,3.4222,3.5573,0.0072,0.0438,2.3265,0.8417,0.3362,0.0529
WW24D1,56945.79,-179737.72,696.96,3.5008,3.4667,0.0049,0.0378,2.5355,0.4967,0.3763,0.0582
WW24D2,56945.9,-179737.78,696.9,3.5389,5.0953,0.007,0.0419,2.3305,2.2882,0.3592,0.1175
WW29D0,58716.22,-179610.81,871.53,4.1639,6.6184,0.021,0.1523,3.6088,2.3485,0.5387,0.1225
WW29D1,58716.23,-179610.81,871.49,4.3079,10.4141,0.0324,0.1637,5.5916,3.8191,0.839,0.1644
WW29D2,58716.2,-179610.81,871.56,4.1329,5.9001,0.0148,0.1432,3.8173,1.4879,0.518,0.077
WW30D0,58292.23,-178741.28,939.49,4.2724,6.5554,0.0221,0.1483,4.0584,1.8188,0.6019,0.0762
WW30D1,58292.14,-178741.2,939.4,4.3177,6.1623,0.0191,0.1439,3.7265,1.8293,0.5126,0.0939
WW30D2,58292.04,-178741.11,939.76,4.3816,8.7202,0.0311,0.1572,4.5638,3.3535,0.6004,0.2026
WW30D3,58291.94,-178741.02,939.23,4.3869,9.202,0.0266,0.1501,4.7056,3.7255,0.6432,0.1276
WW31D0,60199.04,-181091.61,875.44,4.0251,7.6771,0.0132,0.1201,4.5196,2.4336,0.6888,0.0351
WW31D1,60199.02,-181091.72,875.33,4.0276,10.1037,0.0127,0.1171,5.1297,4.1606,0.7506,0.0627
WW31D2,60198.98,-181091.83,875.3,4.0287,8.4622,0.013,0.119,4.2435,3.443,0.6741,0.1016
WW33D0,59191.11,-179626.22,927.35,4.4353,12.6769,0.0307,0.1585,6.0466,5.6388,0.8033,0.1882
WW33D1,59191.2,-179626.38,927.39,4.2097,8.3244,0.0236,0.1434,4.6945,2.7957,0.7088,0.1254
WW33D2,59191.25,-179626.5,927.25,4.3743,8.2007,0.0321,0.1618,4.5715,2.8404,0.6697,0.1191
WW34D0,59512.74,-180174.06,902.4,3.8739,4.3559,0.0115,0.0955,2.8784,1.056,0.3605,0.061
WW34D1,59512.63,-180174.06,902.52,3.8295,4.4165,0.0127,0.1002,2.7106,1.2753,0.3576,0.0729
WW34D2,59512.51,-180174.08,902.57,3.7063,3.4277,0.0092,0.0853,2.3377,0.7362,0.3075,0.0463
WW35D0,58725.9,-180374.31,788.77,4.0169,8.2868,0.0134,0.131,4.9564,2.5341,0.7516,0.0447
WW35D1,58726.03,-180374.25,788.78,3.9911,7.6748,0.0118,0.1348,4.5066,2.4162,0.7082,0.0438
WW36D0,59587.23,-181436.7,768.56,4.0617,5.8952,0.0145,0.1383,3.4234,1.8465,0.5036,0.1217
WW36D1,59587.14,-181436.8,768.66,4.012,5.6847,0.0128,0.13,3.6398,1.4007,0.5244,0.1199
WW36D2,59587.07,-181436.92,768.68,4.0181,6.7135,0.0242,0.1595,4.0787,1.9516,0.5547,0.1285
WW37D0,60045.93,-181356.33,827.36,4.2027,5.9267,0.015,0.1251,3.6118,1.7827,0.4585,0.0737
WW37D1,60045.94,-181356.34,827.23,4.2629,7.4687,0.0229,0.1385,3.8777,2.9255,0.5553,0.1102
WW37D2,60045.95,-181356.34,827.23,4.2104,5.9741,0.0086,0.1188,4.1451,1.2166,0.5862,0.0262
WW38D0,59348.45,-181660.73,708.03,4.0081,5.0789,0.0206,0.1162,2.6462,1.9447,0.4356,0.0524
WW38D2,59348.22,-181660.8,708.15,4.0832,8.9197,0.0273,0.1231,3.8511,4.4401,0.4827,0.1457
WW40D0,59974.84,-180495.97,921.76,3.8149,3.5907,0.008,0.0958,2.6022,0.6439,0.3156,0.029
WW40D1,59974.87,-180495.91,921.53,3.7542,3.3917,0.0075,0.0935,2.459,0.6128,0.2921,0.0279
WW40D2,59975.03,-180496,921.88,3.7907,3.8507,0.0077,0.0953,2.8031,0.6621,0.3548,0.0307
WW41D0,59067.3,-181534.83,689.88,4.1001,7.0409,0.024,0.1504,4.1684,2.1138,0.6234,0.1353
WW41D1,59067.23,-181534.88,689.68,4.1145,5.9855,0.0111,0.1164,3.8907,1.4442,0.5598,0.0907
WW41D2,59067.12,-181535.02,689.98,4.1559,6.7699,0.0145,0.1234,4.1186,1.9646,0.5878,0.0989
WW42D1,58039.23,-180396.33,703.17,3.5886,4.7899,0.0128,0.081,3.3878,0.9455,0.3987,0.0579
WW42D2,58039.22,-180396.2,703.23,3.5125,2.7469,0.0114,0.0723,2.1561,0.3068,0.2562,0.0279
WW44D0,59424.27,-180777.89,825.7,3.6374,2.6811,0.0151,0.0996,1.5763,0.8603,0.2022,0.0424
WW44D1,59424.02,-180777.92,825.69,3.4884,2.142,0.0071,0.0798,1.426,0.4926,0.1958,0.0275
WW44D2,59423.88,-180777.92,825.57,3.4709,2.2095,0.0068,0.079,1.3112,0.6964,0.1757,0.0262
WW45D0,57555.15,-180284.27,649.2,3.9346,5.9009,0.0363,0.1615,3.0014,2.275,0.4762,0.1483
WW45D1,57555.09,-180284.34,649.18,3.8877,7.2467,0.0366,0.1583,3.7318,2.8392,0.5091,0.1666
WW46D0,57371.68,-180906.7,594,4.1401,7.933,0.0353,0.1722,4.0712,2.9604,0.7853,0.1161
WW46D1,57371.69,-180906.83,593.77,4.1212,8.2414,0.0388,0.187,4.2679,3.0937,0.7283,0.1516
WW46D2,57371.71,-180906.98,593.86,4.165,9.926,0.0443,0.1986,4.9823,3.9779,0.8134,0.1524
WW47D0,57841.36,-181763.08,523.53,3.8143,6.4439,0.014,0.1427,3.7648,2.0338,0.57,0.0754
WW47D1,57841.29,-181763,523.35,3.7726,6.6877,0.0162,0.1446,3.7659,2.3081,0.5303,0.0834
WW48D0,57373.3,-181870.05,426.49,4.1868,8.4648,0.0071,0.1271,4.3276,3.4381,0.6506,0.0485
WW48D2,57373.08,-181869.84,426.38,4.2617,9.3127,0.0079,0.1316,4.9814,3.4999,0.78,0.0515
WW49D0,57274.29,-181404.97,504.55,4.0001,8.3044,0.0152,0.1288,4.4656,2.9994,0.7123,0.127
WW49D1,57274.23,-181404.84,504.19,3.9997,7.7174,0.0133,0.1245,4.1649,2.7773,0.6624,0.1128
WW49D2,57274.3,-181405.05,504.18,3.9787,6.1273,0.0089,0.1114,3.9232,1.559,0.5988,0.0463
WW50D0,57791.95,-180096.33,694.73,4.1684,8.2801,0.0309,0.1597,4.4673,3.052,0.6509,0.11
WW50D2,57791.74,-180096.13,694.73,4.173,7.3027,0.0287,0.1601,4.0347,2.5599,0.5743,0.1338
WW51D0,58321.18,-179533.19,838.98,3.878,7.0359,0.0122,0.1075,3.8262,2.5292,0.5774,0.1031
WW51D1,58321.12,-179533.23,839.02,3.9021,6.2612,0.0111,0.1069,3.4907,2.1359,0.5216,0.113
WW51D2,58321.1,-179533.25,838.83,3.8831,6.0175,0.0134,0.1088,3.2759,2.1477,0.4663,0.1276
WW52D0,58763.45,-179786.14,856.67,4.2289,8.5127,0.0352,0.1855,4.5821,3.082,0.705,0.1435
WW52D1,58763.45,-179786.17,856.37,4.1868,8.0098,0.0232,0.1517,4.5696,2.6372,0.69,0.113
WW52D2,58763.44,-179786.25,856.51,4.2794,9.1707,0.0296,0.1748,4.6988,3.6304,0.6856,0.1559
WW53D0,58391.93,-179895.69,799.63,4.1694,8.9401,0.0279,0.1487,4.6326,3.4053,0.6875,0.2148
WW53D1,58391.96,-179895.66,799.66,4.2163,9.4804,0.0309,0.1589,4.6256,3.9502,0.7305,0.1742
WW53D2,58391.99,-179895.67,799.68,4.2531,9.3493,0.0204,0.1397,4.8717,3.534,0.7674,0.1762
WW54D0,57881.81,-179278.92,822.53,4.0728,6.1039,0.0295,0.1603,3.2216,2.2863,0.4546,0.1414
WW54D1,57881.75,-179278.86,822.61,3.9561,5.8687,0.0279,0.1477,3.0142,2.2511,0.466,0.1373
WW54D2,57881.6,-179278.72,822.59,4.0916,5.9879,0.0261,0.1463,3.4562,1.9094,0.5077,0.1146
WW55D0,57763.27,-179037.25,843.08,4.4502,7.2632,0.0317,0.1661,4.1835,2.2891,0.6745,0.1162
WW55D1,57763.18,-179037.17,843.03,4.5036,8.5923,0.0341,0.1754,4.5474,3.1819,0.7331,0.13
WW55D2,57763.09,-179037.08,843.07,4.5291,8.6843,0.0309,0.1709,4.8014,3.021,0.7322,0.1298
WW56D0,57576.98,-178862.03,850.23,4.202,7.2531,0.0255,0.1517,3.9848,2.5751,0.5759,0.1174
WW56D1,57576.88,-178861.94,849.42,4.1866,8.4746,0.0294,0.175,4.8955,2.7714,0.6963,0.1115
WW56D2,57576.8,-178861.86,850.33,4.1343,6.5728,0.0276,0.1587,3.6216,2.2905,0.5524,0.1083
WW58D0,57793.93,-179594.23,774.21,3.8168,7.5168,0.0148,0.1382,4.7294,1.9683,0.7247,0.0944
WW58D1,57793.97,-179594.13,774.05,3.892,8.4396,0.0165,0.1478,4.9785,2.52,0.7819,0.1593
WW58D2,57793.97,-179594.08,773.97,3.8313,7.4902,0.013,0.1325,4.2633,2.4761,0.6643,0.0865
WW59D0,57295.25,-179397.25,746.56,3.2111,2.201,0.0092,0.0723,1.4963,0.4621,0.2134,0.0292
WW59D1,57295.25,-179397.25,746.31,3.2852,2.447,0.01,0.0797,1.7251,0.4338,0.2619,0.0262
WW59D2,57295.26,-179397.27,746.56,3.2412,1.9458,0.0086,0.07,1.4332,0.2812,0.2051,0.0262
WW66D0,56903.18,-180220.25,619.23,4.0355,9.6171,0.0139,0.1452,4.3895,4.4198,0.5918,0.216
WW66D1,56903.12,-180220.38,618.9,4.0508,5.339,0.0081,0.1202,3.4496,1.3129,0.5458,0.0308
WW66D2,56903.09,-180220.53,619.09,3.9532,7.2109,0.0104,0.1155,3.0879,3.6465,0.4166,0.0599
WW67D0,58036.39,-180070.78,729.32,3.7833,5.1865,0.0108,0.0999,2.9342,1.719,0.4358,0.0975
WW67D1,58036.41,-180070.97,729.15,3.8434,5.4783,0.0111,0.1027,3.0261,1.8566,0.5068,0.0888
WW67D3,58036.5,-180071.25,729.35,3.9208,5.5554,0.0143,0.114,3.3662,1.578,0.511,0.1002
WW68D0,58606.52,-182298.91,491.82,3.7572,8.2626,0.0661,0.2515,3.9388,3.575,0.4627,0.2861
WW68D1,58606.77,-182298.86,491.92,3.7134,4.5731,0.0207,0.1239,2.8199,1.2454,0.3768,0.131
WW68D2,58606.86,-182299.02,491.85,3.754,5.9065,0.033,0.1594,3.2798,2.0452,0.4357,0.1457
WW69D0,57866.83,-180890.41,615.24,4.1295,8.3324,0.008,0.1295,4.2404,3.2712,0.7505,0.0703
WW69D3,57867.09,-180890.77,615.01,4.1562,6.6664,0.0085,0.129,3.9785,1.914,0.7256,0.0483
WW70D0,58077.49,-180926.61,635.28,4.3432,7.7879,0.0317,0.1652,4.1724,2.836,0.6616,0.1179
WW70D1,58077.5,-180926.52,635.01,4.3274,8.7193,0.0358,0.1793,4.4618,3.4191,0.6898,0.1485
WW70D2,58077.25,-180926.14,635.14,4.3142,7.3851,0.0232,0.1493,4.211,2.4005,0.6707,0.1028
WW71D0,58372.93,-181356.64,624.1,3.6328,3.2451,0.005,0.0753,2.5114,0.3872,0.3324,0.0141
WW71D1,58372.32,-181356.59,624.26,3.5765,5.2949,0.0061,0.0773,2.4306,2.4316,0.3339,0.0989
WW73D0,59377.73,-179930.42,909.73,4.1653,6.408,0.0202,0.1437,3.7814,1.9767,0.5667,0.0832
WW73D1,59377.73,-179930.47,909.56,4.1673,6.5494,0.0164,0.1317,3.7642,2.0763,0.6098,0.0991
WW73D2,59377.86,-179930.56,909.42,4.1172,6.2123,0.0165,0.1338,3.6697,1.833,0.621,0.0887
WW74D0,59759.64,-180057.34,942.94,3.8627,6.1962,0.0113,0.1157,3.3731,2.1873,0.5556,0.0802
WW74D1,59759.59,-180057.34,942.77,3.9735,5.2723,0.0102,0.1119,3.0436,1.6902,0.5095,0.029
WW74D2,59759.47,-180057.34,942.62,3.908,5.4648,0.009,0.108,3.3683,1.5193,0.551,0.0262
WW75D0,59333.65,-180446.72,851.04,4.0613,5.5125,0.017,0.1193,3.0477,1.9246,0.4556,0.0847
WW75D1,59333.68,-180446.73,850.78,4.0992,5.8371,0.0151,0.1184,3.5708,1.6552,0.527,0.0841
WW75D2,59333.9,-180446.61,850.8,3.9807,5.3915,0.0151,0.1136,3.0842,1.7718,0.4595,0.0762
WW76D0,58441.11,-180388.55,749.75,3.6415,2.2095,0.0038,0.0878,1.7217,0.238,0.2214,0.0284
WW76D1,58440.9,-180388.56,749.29,3.7734,1.6375,0.004,0.0901,1.3079,0.0946,0.208,0.027
WW76D2,58441.16,-180388.83,749.51,3.697,1.6408,0.0042,0.0881,1.3119,0.115,0.1877,0.0262
WW77D0,59085.97,-180418.17,831.88,4.0678,6.8853,0.015,0.1359,3.8819,2.2789,0.6449,0.0796
WW77D1,59085.79,-180418.03,831.86,4.038,6.8675,0.0164,0.132,3.7511,2.4132,0.6436,0.0596
WW77D2,59085.89,-180417.89,831.65,3.9821,6.4444,0.0111,0.1155,3.4808,2.3149,0.5636,0.0851
WW78D0,59756.02,-180603.06,885.95,4.3096,6.8987,0.016,0.1207,4.929,1.3102,0.5928,0.0668
WW78D2,59758.34,-180602.73,887.31,4.2268,6.5962,0.0293,0.1515,3.6194,2.3279,0.5354,0.1136
WW82D0,59237.76,-180098.84,886.17,4.41,9.8757,0.0283,0.1552,5.502,3.3864,0.8829,0.1044
WW83D0,58041.36,-179810.44,769.7,4.1676,9.0626,0.0289,0.165,4.6237,3.6556,0.6596,0.1237
WW83D1,58041.23,-179810.48,770.16,4.2121,7.9372,0.0338,0.1633,4.1753,3.0246,0.6099,0.1273
WW83D2,58041.16,-179810.52,769.87,4.2941,7.8363,0.015,0.1237,4.2279,2.824,0.6469,0.1375
WW84D0,58179.31,-179762.67,794.16,4.3152,10.2581,0.028,0.1584,4.6166,4.7133,0.7587,0.1696
WW84D1,58179.19,-179762.55,794.08,4.3011,8.5721,0.0297,0.1637,4.312,3.4226,0.6834,0.1542
WW84D2,58179.11,-179762.48,794.13,4.1753,12.1302,0.0217,0.1478,5.3472,5.6964,0.9324,0.1541
WW85D0,58335.74,-179750.34,811.64,4.1557,5.2332,0.0204,0.1452,3.3262,1.3445,0.5136,0.0489
WW85D1,58335.63,-179750.23,811.76,4.0381,6.6636,0.0238,0.156,3.8622,2.1521,0.5661,0.0832
WW86D0,58376.09,-179816.69,806.94,4.1956,7.144,0.0228,0.145,3.6534,2.8095,0.5713,0.1098
WW86D1,58375.96,-179816.56,806.93,4.1453,6.7449,0.0252,0.1446,3.5443,2.5334,0.5257,0.1415
WW86D2,58375.88,-179816.5,807.12,4.1559,7.1826,0.0181,0.133,3.9811,2.4684,0.6354,0.0977
WW87BD0,58210.9,-179871.03,781.8,4.2611,7.8737,0.0156,0.1256,4.0796,2.9693,0.6936,0.1311
WW88D0,58103.94,-179908.02,762.99,4.1135,7.1029,0.0083,0.1162,3.5624,2.8962,0.5699,0.0744
WW88D1,58103.78,-179907.86,762.28,4.2049,7.713,0.0211,0.1474,4.2876,2.6552,0.6301,0.1401
WW88D2,58103.71,-179907.8,763.16,4.0933,5.6841,0.0083,0.1107,3.7607,1.3269,0.5591,0.0374
WW89D0,58161.2,-180025.13,753.93,4.26,6.6118,0.0134,0.1189,3.8216,2.0886,0.5959,0.1057
WW89D1,58161.06,-180025,753.62,4.22,7.2837,0.0046,0.0929,4.2056,2.3582,0.6063,0.1136
WW89D2,58160.97,-180024.92,753.78,4.3174,7.5251,0.0125,0.1164,4.1988,2.552,0.6238,0.1504
WW90D0,58196.55,-180114.42,745.29,3.6367,2.6117,0.0062,0.0695,2.0368,0.2736,0.2751,0.0262
WW91D0,58286.76,-179986.89,773.19,4.2299,5.9566,0.0161,0.1461,3.2213,2.1873,0.4791,0.0689
WW91D2,58286.44,-179986.59,773.11,4.1809,8.5371,0.0147,0.1354,4.7917,2.846,0.7928,0.1066
WW92D0,58306.71,-180034.34,770.24,4.2815,8.6819,0.0332,0.165,4.5055,3.3876,0.6622,0.1265
WW93D0,58465.09,-179953.28,798.13,3.6888,4.4791,0.0057,0.0855,2.7971,1.2528,0.4053,0.0239
WW94D0,59827.41,-181461.22,795.59,4.137,5.3201,0.0058,0.1156,3.6469,1.1306,0.5174,0.0252
WW96D0,59284.78,-181311.72,744.93,3.9947,7.6061,0.0108,0.1246,4.1588,2.7255,0.5989,0.1229
WW97D0,59747.3,-181226.58,812.29,4.1421,6.7408,0.0239,0.1384,3.4893,2.6033,0.5249,0.1233
WC10D2,60325.36,-184937.97,370.89,4.0568,6.5535,0.0035,0.0498,3.591,2.4506,0.4239,0.088
WC12D0,59454.61,-183677.16,456.6,4.0994,6.7838,0.0204,0.0843,3.7078,2.5102,0.4523,0.1135
WC12D1,59454.61,-183677.13,456.45,4.169,8.0656,0.0225,0.0916,4.1819,3.1247,0.5926,0.1665
WC12D2,59454.56,-183677.08,456.58,4.274,8.6988,0.0285,0.1092,4.3004,3.6247,0.598,0.1758
WC13D0,60555.72,-185546.52,296.38,4.1572,6.4632,0.0611,0.2175,3.5144,2.381,0.4433,0.1245
WC13D1,60555.64,-185546.55,296.42,4.1515,8.4683,0.0809,0.2703,4.2543,3.4955,0.5024,0.2161
WC13D2,60555.5,-185546.56,296.36,4.0954,8.7798,0.0799,0.2769,4.0211,4.0878,0.4546,0.2164
WC14D0,59347.61,-184226.7,388.72,4.2698,10.396,0.046,0.2085,5.3763,4.0658,0.786,0.1678
WC14D1,59347.62,-184226.61,388.67,4.2757,9.8889,0.0506,0.2074,4.7202,4.2456,0.6913,0.2318
WC14D2,59347.66,-184226.47,388.82,4.3345,12.728,0.0641,0.2413,5.9284,5.6222,0.8137,0.3637
WC15D0,60082.62,-184259.13,438.47,4.009,5.2596,0.0053,0.0273,3.6809,1.1844,0.3548,0.0395
WC15D1,60082.73,-184259.14,438.58,4.0418,6.9355,0.0059,0.0271,4.1951,2.2328,0.4657,0.0419
WC15D2,60082.88,-184259.17,438.4,4.0359,9.2097,0.0114,0.0776,4.9568,3.5298,0.5422,0.181
WC15D3,60083,-184259.17,438.69,4.4896,6.1429,0.009,0.0677,3.9142,1.7772,0.3778,0.0737
WC16D0,60977.29,-185779.02,288.67,3.9066,7.1928,0.0149,0.1292,4.0195,2.4525,0.6019,0.1188
WC17D0,61036.81,-181676.39,842.59,4.0371,6.3835,0.0161,0.1361,3.9936,1.6957,0.6042,0.09
WC17D1,61036.73,-181676.33,842.57,4.0335,5.9166,0.0153,0.1322,3.6857,1.5792,0.5822,0.0695
WC17D2,61036.63,-181676.23,842.6,4.3866,7.3573,0.0199,0.1437,4.3201,2.3256,0.6038,0.1078
WC18D0,60743.12,-181473.36,869.64,4.3067,6.2341,0.0059,0.1271,3.6806,1.9326,0.5919,0.0291
WC18D1,60743.05,-181473.28,869.59,4.2929,5.9675,0.0057,0.1267,3.8887,1.4255,0.6272,0.0262
WC18D2,60742.93,-181473.17,869.65,4.3346,5.627,0.0053,0.1273,3.5806,1.447,0.5732,0.0262
WC19D0,60027.88,-181844.41,761.24,4.4058,6.9172,0.0218,0.1379,4.0858,2.0982,0.6288,0.1043
WC19D1,60027.77,-181844.36,761.17,4.6001,7.5972,0.0468,0.1821,4.1659,2.6411,0.6559,0.1344
WC19D2,60027.66,-181844.28,761.4,4.2998,7.1974,0.021,0.1538,3.9699,2.4489,0.628,0.1506
WC20D0,59614.99,-181955.97,700.62,4.4471,6.9381,0.0109,0.1482,4.0004,2.2623,0.6007,0.0747
WC20D1,59615.02,-181955.89,700.64,4.3547,7.8923,0.0153,0.1439,4.3455,2.7555,0.6771,0.1142
WC20D2,59615.06,-181955.75,700.66,4.214,7.8016,0.0146,0.1401,4.4915,2.5433,0.6562,0.1106
WC21D0,60864.84,-182447.94,726.49,4.0566,5.9697,0.0097,0.1078,3.5433,1.8931,0.4597,0.0735
WC21D1,60864.87,-182447.8,726.6,3.9377,5.3659,0.0095,0.1005,3.409,1.4671,0.4407,0.0491
WC21D2,60864.86,-182447.69,726.39,4.0311,6.6697,0.0152,0.123,3.6365,2.485,0.463,0.0853
WC22D0,61333.98,-182911.91,674.29,3.9069,4.1584,0.0331,0.1232,2.4172,1.2439,0.0735,0.4238
WC22D1,61333.95,-182911.83,674.1,3.8948,4.1938,0.0333,0.1281,2.4171,1.2915,0.0689,0.4164
WC22D2,61333.88,-182911.67,674.25,3.8565,3.247,0.0249,0.1531,1.9411,0.9732,0.0351,0.2975
WC23D0,60729.25,-182971.48,635.41,3.9693,5.9639,0.027,0.1253,3.1396,2.2902,0.4301,0.104
WC23D1,60729.2,-182971.39,635.29,3.9834,5.1011,0.0028,0.0877,2.9491,1.6577,0.4062,0.0881
WC23D2,60729.15,-182971.27,635.21,3.951,5.2677,0.035,0.1418,2.9183,1.8474,0.4072,0.0948
WC24D0,61283.75,-182182.89,786.42,4.0267,5.1867,0.0096,0.1113,3.3377,1.2615,0.5306,0.057
WC24D1,61283.67,-182182.91,786.33,4.0189,5.5281,0.0103,0.116,3.4984,1.4083,0.5503,0.0711
WC24D2,61283.52,-182182.91,785.42,3.9912,5.4392,0.0116,0.1168,2.9517,1.8728,0.5228,0.0919
WC24D3,61283.32,-182182.89,786.45,4.053,6.2775,0.0145,0.1262,3.5888,2.0453,0.5464,0.097
WC26SD0,61128.3,-182885.56,664.06,3.8169,3.9357,0.0158,0.103,2.3234,1.2037,0.337,0.0717
WC27D0,61471.71,-183966.03,571.59,3.8649,7.2071,0.0402,0.1701,3.8043,2.6026,0.6526,0.1476
WC27D1,61471.75,-183965.89,571.7,3.8453,7.4178,0.0373,0.1643,3.8672,2.7731,0.6277,0.1499
WC27D2,61471.75,-183965.75,571.93,3.8645,6.6131,0.0305,0.1502,3.7141,2.2119,0.5952,0.0919
WC28D0,60914.33,-183796.67,546.55,3.8916,6.0867,0.017,0.1161,3.2516,2.2427,0.5027,0.0897
WC28D1,60914.29,-183796.72,546.69,3.8682,5.322,0.013,0.1116,2.965,1.8092,0.4677,0.0802
WC28D2,60914.23,-183796.78,546.47,3.9229,10.1408,0.0213,0.1266,4.7966,4.4274,0.7449,0.1719
WC29D0,59757.83,-182456.61,632.4,3.9684,6.1878,0.0086,0.1215,3.5423,2.0489,0.528,0.0687
WC29D1,59757.94,-182456.52,632.31,3.9907,7.1708,0.017,0.1298,3.673,2.7925,0.5592,0.146
WC29D2,59758.05,-182456.45,632.17,4.0124,6.9775,0.0106,0.1258,3.777,2.5149,0.565,0.1206
WC30D0,58087.16,-182881.44,395.49,4.3713,9.2768,0.0242,0.1518,5.3681,2.9231,0.9081,0.0775
WC30D1,58087.06,-182881.39,395.65,4.3828,7.1349,0.0179,0.1411,4.0223,2.4088,0.6009,0.103
WC30D2,58086.99,-182881.34,395.55,4.3102,5.5795,0.0133,0.1188,4.0782,0.8553,0.6154,0.0306
WC31D0,61166.23,-182580.09,715.86,4.0066,7.0521,0.0424,0.1749,3.87,2.4757,0.588,0.1184
WC32D0,60891.82,-182859.33,655.17,3.8812,4.9996,0.0519,0.155,2.6335,1.8507,0.3934,0.122
WC33ID0,60717.37,-182647.8,683.97,4.1109,6.4366,0.0288,0.1375,3.6509,2.1386,0.5519,0.0951
WC36D0,58602.38,-183119.34,447.89,3.9984,7.3219,0.0199,0.1492,3.4628,3.2044,0.5495,0.1052
WC5D1,58495.06,-183053.34,441.41,3.8748,5.7474,0.0103,0.0532,3.2241,1.9748,0.4722,0.0763
WC5D2,58495.2,-183053.38,442.08,3.9585,5.5996,0.0127,0.068,3.4313,1.6044,0.4836,0.0804
WC6D0,59008.64,-183138.11,497.8,3.5968,3.1624,0.0043,0.0492,2.2745,0.5693,0.2614,0.0573
WC6D1,59008.72,-183137.95,497.66,3.5924,3.1805,0.0036,0.048,2.3314,0.5147,0.2813,0.0531
WC6D2,59008.73,-183137.83,497.82,3.6299,3.652,0.0059,0.0522,2.1003,1.224,0.2742,0.0534
WC7D1,58658.9,-183553.67,407.35,3.6281,2.7399,0.0176,0.0593,1.7132,0.6968,0.2661,0.0639
WC7D2,58655.06,-183560.83,407.97,3.5433,4.4157,0.0558,0.1664,2.6739,1.2938,0.3219,0.1261
WC7D3,58655.05,-183560.75,407.7,3.5598,4.1939,0.0214,0.0709,2.4845,1.3305,0.2603,0.1186
WC9D0,60479.72,-184570.3,393.98,3.9171,5.5186,0.0297,0.0759,3.0953,1.8909,0.4357,0.0968
WC9D1,60479.84,-184570.48,395.13,3.9461,5.4188,0.0216,0.0704,3.1175,1.826,0.3748,0.1005
WC9D2,60479.81,-184570.56,395.18,3.9383,4.907,0.0162,0.0707,2.9702,1.4462,0.4244,0.0662
WQ005D0,60332.27,-179274.3,1085.61,3.68,6.717,0.0063,0.0981,3.5871,2.4852,0.5448,0.0999
WQ006D0,60597.63,-179601.17,1081.96,3.88,6.5999,0.0036,0.0899,3.5332,2.4322,0.5364,0.098
WQ007D0,59753.22,-178788.94,1087,3.955,6.7143,0.0269,0.1591,3.5315,2.5446,0.5372,0.101
WQ008D0,60038.87,-179062.53,1079.38,3.8014,9.2892,0.0289,0.1651,4.7259,3.699,0.7228,0.1416
WQ011D0,61043.02,-180054.98,1088.32,3.94,7.9693,0.0137,0.1198,4.1637,3.0515,0.6344,0.1198
WQ012D0,60903.8,-180210.89,1054.41,3.71,14.875,0.0309,0.171,7.3426,6.1744,1.1285,0.2296
WQ014D0,58984.22,-178438.73,1049.61,3.9479,5.6695,0.0219,0.1443,3.0682,2.051,0.4652,0.0851
WQ015D0,59153.21,-178557.38,1057.75,3.7037,10.7296,0.0388,0.1945,5.387,4.3506,0.8261,0.166
WQ016D0,59561.3,-178702.95,1078.4,3.66,4.9964,0.0116,0.1136,2.795,1.7072,0.4217,0.0725
WQ017D0,59866.67,-178960.53,1076.64,3.94,10.3336,0.0323,0.1751,5.2521,4.1207,0.8036,0.1574
WQ018D0,58805.86,-178351.77,1047.71,3.73,6.3307,0.0021,0.0855,3.4093,2.3105,0.5172,0.0937
WQ019D0,60863.16,-179961.58,1073.3,3.6901,7.5786,0.0174,0.131,3.9837,2.8749,0.6064,0.1136
WQ022D0,60606.48,-180231.7,1020.59,4.0799,5.0669,0.0075,0.113,3.3282,1.201,0.4849,0.0527
WQ023D0,60610.57,-179846.08,1054.28,4.3064,11.883,0.0307,0.1959,5.2935,5.4097,0.8167,0.3631
WQ024D0,60378.95,-180113.53,1005.74,4.0516,4.8435,0.0135,0.1157,3.2985,1.0328,0.4791,0.0332
WQ025D0,60377.17,-179771.59,1041.26,4.1496,7.6756,0.0069,0.1074,3.6584,3.3253,0.539,0.1529
WQ027D0,59738.88,-179960.84,947.98,3.9895,7.1898,0.0129,0.1333,3.5945,2.953,0.451,0.1914
WQ028D0,59852.71,-179291.48,1034.88,4.3454,7.1477,0.0263,0.1634,4.0251,2.4158,0.5488,0.158
WQ029D0,59624.12,-179538.17,984.06,4.1174,7.3254,0.0646,0.2084,3.6389,2.9706,0.4661,0.2498
WQ031D0,59181.16,-179119.41,985.48,4.0263,5.4596,0.0081,0.1018,3.5169,1.3599,0.539,0.0438
WQ032D0,59254.22,-178823.31,1027.01,4.0264,6.1349,0.0083,0.1123,3.8786,1.6377,0.5586,0.06
WQ033D0,58837.01,-178912.95,972.89,4.1263,5.6147,0.0248,0.1104,3.3267,1.7091,0.4885,0.0905
WQ034D0,58538.34,-178640.86,978.56,3.9719,5.5701,0.0053,0.0975,3.5277,1.4876,0.5097,0.0451
WQ035D0,58275.39,-178408.91,981.13,3.984,5.6957,0.0074,0.1036,3.4726,1.6714,0.5089,0.0429
WQ036D0,58268.19,-178135.47,1015.74,3.6665,2.3594,0.0057,0.0869,1.7708,0.317,0.2442,0.0274
WQ039D0,58739.75,-178728.75,988.66,4.0629,7.4129,0.0197,0.1432,3.993,2.7007,0.6225,0.0966
WQ040D0,60356.68,-179556.77,1059.43,4.1125,6.4779,0.0063,0.1205,3.8614,2.0062,0.5774,0.0329
WQ041D0,60082.35,-179330.42,1053.12,4.4329,7.2646,0.0282,0.1621,3.8751,2.6382,0.6092,0.142
WQ042D0,58998.3,-178755.38,1011.82,4.0289,6.5356,0.0214,0.1222,3.5631,2.2911,0.5051,0.1763
WQ052D0,58425.19,-178328.55,1007.93,3.7608,7.0424,0.011,0.1119,3.519,2.8573,0.5143,0.1519
WQ502D0,58779.08,-178487.89,1023.92,3.9275,5.7136,0.0067,0.105,3.6377,1.5064,0.5202,0.0493
WQ502D1,58778.96,-178487.78,1023.91,3.8574,5.2543,0.0066,0.1042,3.5881,1.0822,0.5441,0.0399
WQ502D2,58778.88,-178487.7,1024.05,3.8702,6.5139,0.0171,0.1389,3.5339,2.3646,0.5088,0.1066
WQ503D0,58840.29,-178616.91,1016,3.8816,5.7795,0.0303,0.1579,3.1635,2.0104,0.4752,0.1305
WQ503D1,58840.18,-178616.8,1015.82,3.9062,5.051,0.0132,0.1174,3.1528,1.3576,0.4585,0.0821
WQ503D2,58840.09,-178616.7,1015.87,3.8601,4.5064,0.0186,0.1293,2.7275,1.2169,0.483,0.0792
WQ506D0,60513.71,-179608.69,1069.26,3.9608,4.9231,0.0033,0.0872,3.3887,1.1191,0.4023,0.0131
WQ508D0,59705,-179743.77,968.42,4.0277,6.5456,0.0069,0.107,3.9643,2.002,0.4571,0.1223
WQ508D1,59706.79,-179742.05,968.99,3.9549,5.163,0.0048,0.096,3.741,0.9261,0.4513,0.0446
WQ509D0,59721.04,-179387.27,1010.66,4.0276,5.6392,0.0092,0.1026,3.5693,1.5642,0.4071,0.0986
WQ509D1,59721.08,-179387.28,1010.1,4.0276,5.5449,0.0064,0.0843,3.4756,1.6378,0.3703,0.0612
WQ509D2,59721.12,-179387.23,1010.46,4.0276,6.9815,0.01,0.1037,3.9526,2.4924,0.4258,0.1107
WQ510D0,60118.76,-179806.41,1007.53,4.0276,5.0471,0.0035,0.1005,3.3849,1.2756,0.3729,0.0137
WQ510D1,60118.66,-179806.31,1007.74,3.9952,5.3734,0.0045,0.0969,3.8528,1.096,0.4078,0.0169
WQ510D2,60118.57,-179806.22,1007.63,3.9755,5.947,0.0045,0.1031,3.7582,1.75,0.4006,0.0383
WQ513D0,60217.62,-179924.36,1005.52,3.9743,5.0759,0.004,0.1013,3.64,1.009,0.4076,0.0193
WQ513D1,60217.52,-179924.27,1005.71,4.0264,6.0506,0.0038,0.09,4.0151,1.5752,0.4318,0.0285
WQ513D2,60217.43,-179924.19,1005.71,3.9012,5.2359,0.0033,0.0998,3.7575,1.0148,0.4235,0.04
WQ527D0,59982.96,-179709.25,1005.8,4.0028,5.3041,0.0062,0.1011,3.5438,1.213,0.5172,0.0301
WQ529D0,59951.36,-179998.89,967.06,3.7103,3.8347,0.0054,0.0698,2.6699,0.7602,0.3725,0.0322
WQ530D0,59999.5,-179414.89,1038.86,4.0135,3.981,0.0047,0.1143,2.6526,0.9073,0.3949,0.0262
